{
  "track_id": {
    "null_count": 0,
    "n_unique": 5,
    "mean": 3.9308923583757074,
    "std": 1.4338593681862157,
    "min": 2.0,
    "max": 6.0,
    "q10": 2.0,
    "q50": 4.0,
    "q90": 6.0
  },
  "race_number": {
    "null_count": 0,
    "n_unique": 12,
    "mean": 6.030584401632887,
    "std": 3.303923245311406,
    "min": 1.0,
    "max": 12.0,
    "q10": 2.0,
    "q50": 6.0,
    "q90": 11.0
  },
  "track_condition": {
    "null_count": 0,
    "n_unique": 4,
    "mean": 0.6010706868151543,
    "std": 1.1778647715872663,
    "min": 0.0,
    "max": 4.0,
    "q10": 0.0,
    "q50": 0.0,
    "q90": 3.0
  },
  "weather": {
    "null_count": 0,
    "n_unique": 7,
    "mean": 0.7318162286041682,
    "std": 1.217194888853588,
    "min": 0.0,
    "max": 7.0,
    "q10": 0.0,
    "q50": 0.0,
    "q90": 2.0
  },
  "temperature": {
    "null_count": 4013,
    "n_unique": 43,
    "mean": 18.644417559501104,
    "std": 9.11627015235633,
    "min": 0.0,
    "max": 41.0,
    "q10": 7.0,
    "q50": 19.0,
    "q90": 31.0
  },
  "humidity": {
    "null_count": 3849,
    "n_unique": 91,
    "mean": 60.05318233476513,
    "std": 19.25594760689558,
    "min": 0.0,
    "max": 99.0,
    "q10": 35.0,
    "q50": 60.0,
    "q90": 86.0
  },
  "track_temperature": {
    "null_count": 3905,
    "n_unique": 67,
    "mean": 26.974164260681665,
    "std": 14.261132394277224,
    "min": 0.0,
    "max": 65.0,
    "q10": 9.0,
    "q50": 25.0,
    "q90": 48.0
  },
  "grade": {
    "null_count": 0,
    "n_unique": 1,
    "mean": 0.0,
    "std": 0.0,
    "min": 0.0,
    "max": 0.0,
    "q10": 0.0,
    "q50": 0.0,
    "q90": 0.0
  },
  "distance": {
    "null_count": 0,
    "n_unique": 1,
    "mean": 3100.0,
    "std": 0.0,
    "min": 3100.0,
    "max": 3100.0,
    "q10": 3100.0,
    "q50": 3100.0,
    "q90": 3100.0
  },
  "post_position": {
    "null_count": 0,
    "n_unique": 8,
    "mean": 4.225381365036167,
    "std": 2.1662804198589574,
    "min": 1.0,
    "max": 8.0,
    "q10": 1.0,
    "q50": 4.0,
    "q90": 7.0
  },
  "handicap_meters": {
    "null_count": 0,
    "n_unique": 10,
    "mean": 17.639296712740816,
    "std": 14.756373868610524,
    "min": 0.0,
    "max": 90.0,
    "q10": 0.0,
    "q50": 20.0,
    "q90": 40.0
  },
  "trial_time": {
    "null_count": 3316,
    "n_unique": 105,
    "mean": 3.419320441828777,
    "std": 0.13185970568258673,
    "min": 3.2,
    "max": 4.39,
    "q10": 3.31,
    "q50": 3.38,
    "q90": 3.64
  },
  "trial_deviation": {
    "null_count": 0,
    "n_unique": 166,
    "mean": 0.08892482990761298,
    "std": 0.013881609629299473,
    "min": 0.0,
    "max": 0.257,
    "q10": 0.072,
    "q50": 0.089,
    "q90": 0.105
  },
  "generation": {
    "null_count": 0,
    "n_unique": 34,
    "mean": 26.38886342476545,
    "std": 5.962517298609341,
    "min": 2.0,
    "max": 39.0,
    "q10": 19.0,
    "q50": 27.0,
    "q90": 34.0
  },
  "is_home_track": {
    "null_count": 279260,
    "n_unique": 1,
    "mean": null,
    "std": null,
    "min": null,
    "max": null,
    "q10": null,
    "q50": null,
    "q90": null
  },
  "rider_age": {
    "null_count": 279260,
    "n_unique": 1,
    "mean": null,
    "std": null,
    "min": null,
    "max": null,
    "q10": null,
    "q50": null,
    "q90": null
  },
  "trial_time_rank": {
    "null_count": 3316,
    "n_unique": 9,
    "mean": 3.3524302032296407,
    "std": 1.7164218957065362,
    "min": 1.0,
    "max": 8.0,
    "q10": 1.0,
    "q50": 3.0,
    "q90": 6.0
  },
  "field_avg_trial": {
    "null_count": 2583,
    "n_unique": 1606,
    "mean": 3.4193736354425317,
    "std": 0.12661529355373108,
    "min": 3.25625,
    "max": 4.138571428571429,
    "q10": 3.3285714285714287,
    "q50": 3.3785714285714286,
    "q90": 3.6425
  },
  "field_trial_std": {
    "null_count": 2583,
    "n_unique": 26826,
    "mean": 0.03676399780522464,
    "std": 0.015385456076138154,
    "min": 0.0,
    "max": 0.1727425830535136,
    "q10": 0.019955307206712725,
    "q50": 0.03422613871631706,
    "q90": 0.05604526232048033
  },
  "trial_time_diff_from_best": {
    "null_count": 3316,
    "n_unique": 100,
    "mean": 0.04698058301684403,
    "std": 0.041868742123066384,
    "min": 0.0,
    "max": 0.5099999999999998,
    "q10": 0.0,
    "q50": 0.040000000000000036,
    "q90": 0.10000000000000009
  },
  "avg_trial_time_30d": {
    "null_count": 1103,
    "n_unique": 11837,
    "mean": 3.419202682763072,
    "std": 0.06102335874559375,
    "min": 3.23,
    "max": 4.03,
    "q10": 3.34625,
    "q50": 3.4141666666666666,
    "q90": 3.498571428571428
  },
  "avg_trial_time_90d": {
    "null_count": 624,
    "n_unique": 48253,
    "mean": 3.4192786123594647,
    "std": 0.05009274664381491,
    "min": 3.24,
    "max": 4.0,
    "q10": 3.359047619047619,
    "q50": 3.4157446808510636,
    "q90": 3.484594594594595
  },
  "trial_time_trend": {
    "null_count": 983,
    "n_unique": 5155,
    "mean": -4.682744172161349e-05,
    "std": 0.040663961597813374,
    "min": -0.5499999999999994,
    "max": 0.4800000000000004,
    "q10": -0.05100000000000003,
    "q50": 1.621584518530165e-16,
    "q90": 0.050000000000000065
  },
  "trial_vs_avg_90d": {
    "null_count": 3866,
    "n_unique": 77283,
    "mean": 1.9411984125048137e-05,
    "std": 0.12761079627314217,
    "min": -0.5800000000000001,
    "max": 0.9244117647058818,
    "q10": -0.09222222222222243,
    "q50": -0.0402777777777783,
    "q90": 0.22259259259259245
  },
  "computed_trial_deviation": {
    "null_count": 3048,
    "n_unique": 10826,
    "mean": 0.0911877453400758,
    "std": 0.017204078263715047,
    "min": 0.0028000000000000026,
    "max": 0.2145,
    "q10": 0.07120000000000007,
    "q50": 0.0906000000000001,
    "q90": 0.11040000000000001
  },
  "trial_deviation_trend": {
    "null_count": 1144,
    "n_unique": 33766,
    "mean": -3.2655798299986525e-05,
    "std": 0.013509769272615543,
    "min": -0.21300000000000002,
    "max": 0.16230000000000008,
    "q10": -0.009900000000000065,
    "q50": 4.560706458366089e-17,
    "q90": 0.009999999999999966
  },
  "predicted_race_time": {
    "null_count": 6171,
    "n_unique": 15493,
    "mean": 3.510741900832143,
    "std": 0.13217725911915473,
    "min": 3.3057000000000003,
    "max": 4.4685999999999995,
    "q10": 3.4056,
    "q50": 3.4696,
    "q90": 3.7294
  },
  "predicted_race_time_rank": {
    "null_count": 6171,
    "n_unique": 9,
    "mean": 4.196745383373186,
    "std": 2.154322386570875,
    "min": 1.0,
    "max": 8.0,
    "q10": 1.0,
    "q50": 4.0,
    "q90": 7.0
  },
  "trial_time_zscore": {
    "null_count": 733,
    "n_unique": 197212,
    "mean": -1.3061494243257253e-17,
    "std": 0.9253302343464544,
    "min": -2.3909551787238956,
    "max": 2.4517705565139374,
    "q10": -1.1542128084574323,
    "q50": -0.08050764858995439,
    "q90": 1.3480755514093725
  },
  "win_rate_10": {
    "null_count": 526,
    "n_unique": 34,
    "mean": 0.13541318792759235,
    "std": 0.1428163951954524,
    "min": 0.0,
    "max": 1.0,
    "q10": 0.0,
    "q50": 0.1,
    "q90": 0.3
  },
  "top2_rate_10": {
    "null_count": 526,
    "n_unique": 34,
    "mean": 0.27057772466917024,
    "std": 0.18835060465550046,
    "min": 0.0,
    "max": 1.0,
    "q10": 0.0,
    "q50": 0.3,
    "q90": 0.5
  },
  "top3_rate_10": {
    "null_count": 526,
    "n_unique": 34,
    "mean": 0.40590115159005213,
    "std": 0.21198938973296963,
    "min": 0.0,
    "max": 1.0,
    "q10": 0.1,
    "q50": 0.4,
    "q90": 0.7
  },
  "win_rate_30": {
    "null_count": 526,
    "n_unique": 235,
    "mean": 0.13559474385857725,
    "std": 0.11036380014717745,
    "min": 0.0,
    "max": 1.0,
    "q10": 0.03333333333333333,
    "q50": 0.1,
    "q90": 0.26666666666666666
  },
  "top3_rate_30": {
    "null_count": 526,
    "n_unique": 270,
    "mean": 0.4055991578114043,
    "std": 0.16532844647231978,
    "min": 0.0,
    "max": 1.0,
    "q10": 0.2,
    "q50": 0.4,
    "q90": 0.6
  },
  "avg_finish_10": {
    "null_count": 526,
    "n_unique": 225,