{
  "track_id": {
    "null_count": 0,
    "n_unique": 5,
    "mean": 3.9308923583757074,
    "std": 1.433859368186216,
    "min": 2.0,
    "max": 6.0,
    "q10": 2.0,
    "q50": 4.0,
    "q90": 6.0
  },
  "track_condition": {
    "null_count": 0,
    "n_unique": 4,
    "mean": 0.6010706868151543,
    "std": 1.1778647715872668,
    "min": 0.0,
    "max": 4.0,
    "q10": 0.0,
    "q50": 0.0,
    "q90": 3.0
  },
  "weather": {
    "null_count": 0,
    "n_unique": 7,
    "mean": 0.7318162286041682,
    "std": 1.2171948888535875,
    "min": 0.0,
    "max": 7.0,
    "q10": 0.0,
    "q50": 0.0,
    "q90": 2.0
  },
  "temperature": {
    "null_count": 4013,
    "n_unique": 43,
    "mean": 18.644882596358908,
    "std": 9.11630103237271,
    "min": 0.0,
    "max": 41.0,
    "q10": 7.0,
    "q50": 19.0,
    "q90": 31.0
  },
  "humidity": {
    "null_count": 3849,
    "n_unique": 91,
    "mean": 60.053095192276274,
    "std": 19.255853565879885,
    "min": 0.0,
    "max": 99.0,
    "q10": 35.0,
    "q50": 60.0,
    "q90": 86.0
  },
  "track_temperature": {
    "null_count": 3905,
    "n_unique": 67,
    "mean": 26.975268290025603,
    "std": 14.260724858313296,
    "min": 0.0,
    "max": 65.0,
    "q10": 9.0,
    "q50": 25.0,
    "q90": 48.0
  },
  "grade": {
    "null_count": 0,
    "n_unique": 1,
    "mean": 0.0,
    "std": 0.0,
    "min": 0.0,
    "max": 0.0,
    "q10": 0.0,
    "q50": 0.0,
    "q90": 0.0
  },
  "distance": {
    "null_count": 0,
    "n_unique": 1,
    "mean": 3100.0,
    "std": 0.0,
    "min": 3100.0,
    "max": 3100.0,
    "q10": 3100.0,
    "q50": 3100.0,
    "q90": 3100.0
  },
  "post_position": {
    "null_count": 0,
    "n_unique": 8,
    "mean": 4.225381365036167,
    "std": 2.166280419858958,
    "min": 1.0,
    "max": 8.0,
    "q10": 1.0,
    "q50": 4.0,
    "q90": 7.0
  },
  "handicap_meters": {
    "null_count": 0,
    "n_unique": 10,
    "mean": 17.639296712740816,
    "std": 14.756373868610536,
    "min": 0.0,
    "max": 90.0,
    "q10": 0.0,
    "q50": 20.0,
    "q90": 40.0
  },
  "trial_time": {
    "null_count": 3428,
    "n_unique": 105,
    "mean": 3.4193265828475274,
    "std": 0.13187875500226462,
    "min": 3.2,
    "max": 4.39,
    "q10": 3.31,
    "q50": 3.38,
    "q90": 3.64
  },
  "trial_deviation": {
    "null_count": 0,
    "n_unique": 166,
    "mean": 0.08892482990761287,
    "std": 0.013881609629299456,
    "min": 0.0,
    "max": 0.257,
    "q10": 0.072,
    "q50": 0.089,
    "q90": 0.105
  },
  "generation": {
    "null_count": 0,
    "n_unique": 34,
    "mean": 26.38886342476545,
    "std": 5.962517298609337,
    "min": 2.0,
    "max": 39.0,
    "q10": 19.0,
    "q50": 27.0,
    "q90": 34.0
  },
  "trial_time_rank": {
    "null_count": 3428,
    "n_unique": 9,
    "mean": 3.3522143913686593,
    "std": 1.716270678249966,
    "min": 1.0,
    "max": 8.0,
    "q10": 1.0,
    "q50": 3.0,
    "q90": 6.0
  },
  "field_avg_trial": {
    "null_count": 2695,
    "n_unique": 1606,
    "mean": 3.419379781727021,
    "std": 0.12663748026951255,
    "min": 3.25625,
    "max": 4.138571428571429,
    "q10": 3.3285714285714287,
    "q50": 3.3785714285714286,
    "q90": 3.6425
  },
  "field_trial_std": {
    "null_count": 2695,
    "n_unique": 26815,
    "mean": 0.03675660809765385,
    "std": 0.015381015789347554,
    "min": 0.0,
    "max": 0.1727425830535136,
    "q10": 0.019955307206712694,
    "q50": 0.03422613871631705,
    "q90": 0.056045262320479856
  },
  "trial_time_diff_from_best": {
    "null_count": 3428,
    "n_unique": 100,
    "mean": 0.04697301255836892,
    "std": 0.04186067247830185,
    "min": 0.0,
    "max": 0.5099999999999998,
    "q10": 0.0,
    "q50": 0.040000000000000036,
    "q90": 0.10000000000000009
  },
  "avg_trial_time_30d": {
    "null_count": 1103,
    "n_unique": 11837,
    "mean": 3.4192026827630677,
    "std": 0.06102335874559352,
    "min": 3.23,
    "max": 4.03,
    "q10": 3.34625,
    "q50": 3.4141666666666666,
    "q90": 3.498571428571428
  },
  "avg_trial_time_90d": {
    "null_count": 624,
    "n_unique": 48253,
    "mean": 3.419278612359465,
    "std": 0.05009274664381538,
    "min": 3.24,
    "max": 4.0,
    "q10": 3.359047619047619,
    "q50": 3.4157446808510636,
    "q90": 3.484594594594595
  },
  "trial_time_trend": {
    "null_count": 983,
    "n_unique": 5155,
    "mean": -4.6827441721613474e-05,
    "std": 0.04066396159781339,
    "min": -0.5499999999999994,
    "max": 0.4800000000000004,
    "q10": -0.05100000000000003,
    "q50": 1.621584518530165e-16,
    "q90": 0.050000000000000065
  },
  "trial_vs_avg_90d": {
    "null_count": 3978,
    "n_unique": 77257,
    "mean": 1.5158765506244336e-05,
    "std": 0.12763149186143347,
    "min": -0.5800000000000001,
    "max": 0.9244117647058818,
    "q10": -0.09222222222222243,
    "q50": -0.04029411764705815,
    "q90": 0.22268292682926827
  },
  "win_rate_10": {
    "null_count": 526,
    "n_unique": 34,
    "mean": 0.1354131879275922,
    "std": 0.14281639519545236,
    "min": 0.0,
    "max": 1.0,
    "q10": 0.0,
    "q50": 0.1,
    "q90": 0.3
  },
  "top2_rate_10": {
    "null_count": 526,
    "n_unique": 34,
    "mean": 0.2705777246691706,
    "std": 0.1883506046555008,
    "min": 0.0,
    "max": 1.0,
    "q10": 0.0,
    "q50": 0.3,
    "q90": 0.5
  },
  "top3_rate_10": {
    "null_count": 526,
    "n_unique": 34,
    "mean": 0.4059011515900519,
    "std": 0.21198938973296955,
    "min": 0.0,
    "max": 1.0,
    "q10": 0.1,
    "q50": 0.4,
    "q90": 0.7
  },
  "win_rate_30": {
    "null_count": 526,
    "n_unique": 235,
    "mean": 0.1355947438585772,
    "std": 0.11036380014717738,
    "min": 0.0,
    "max": 1.0,
    "q10": 0.03333333333333333,
    "q50": 0.1,
    "q90": 0.26666666666666666
  },
  "top3_rate_30": {
    "null_count": 526,
    "n_unique": 270,
    "mean": 0.4055991578114044,
    "std": 0.16532844647231973,
    "min": 0.0,
    "max": 1.0,
    "q10": 0.2,
    "q50": 0.4,
    "q90": 0.6
  },
  "avg_finish_10": {
    "null_count": 526,
    "n_unique": 225,
    "mean": 4.246017829651774,
    "std": 1.0350017953825508,
    "min": 1.0,
    "max": 9.0,
    "q10": 3.0,
    "q50": 4.2,
    "q90": 5.6
  },
  "avg_finish_30": {
    "null_count": 526,
    "n_unique": 1487,
    "mean": 4.249284706444008,
    "std": 0.8416904677702227,
    "min": 1.0,
    "max": 9.0,
    "q10": 3.3,
    "q50": 4.2,
    "q90": 5.266666666666667
  },
  "finish_std_10": {
    "null_count": 979,
    "n_unique": 1217,
    "mean": 1.9909464473243794,
    "std": 0.477088180770248,
    "min": 0.0,
    "max": 5.656854249492381,
    "q10": 1.3703203194062978,
    "q50": 2.0110804171997807,
    "q90": 2.5841396591085743
  },
  "momentum": {
    "null_count": 979,
    "n_unique": 794,
    "mean": -0.00033167913008781545,
    "std": 0.6610382811308045,
    "min": -7.999999999999998,
    "max": 6.999999999999998,
    "q10": -0.8000000000000004,
    "q50": 1.621584518530165e-16,
    "q90": 0.8000000000000006
  },
  "days_since_last_race": {
    "null_count": 526,
    "n_unique": 157,
    "mean": 2.724263993628334,
    "std": 5.8839611180309115,
    "min": 1.0,
    "max": 860.0,
    "q10": 1.0,
    "q50": 1.0,
    "q90": 7.0
  },
  "total_races": {
    "null_count": 0,
    "n_unique": 943,
    "mean": 350.33638544725346,
    "std": 218.22131404377382,
    "min": 0.0,
    "max": 943.0,
    "q10": 62.0,
    "q50": 337.0,
    "q90": 657.0
  },
  "handicap_rank": {
    "null_count": 0,
    "n_unique": 7,
    "mean": 2.4960932464370122,
    "std": 1.2274088244532826,
    "min": 1.0,
    "max": 7.0,
    "q10": 1.0,
    "q50": 2.0,
    "q90": 4.0
  },
  "field_size": {
    "null_count": 0,
    "n_unique": 4,
    "mean": 7.450762730072334,
    "std": 0.6706694082694792,
    "min": 5.0,
    "max": 8.0,
    "q10": 7.0,
    "q50": 8.0,
    "q90": 8.0
  },
  "handicap_vs_trial": {
    "null_count": 3428,
    "n_unique": 15,
    "mean": 2320352374.920343,
    "std": 2140518400.5611737,
    "min": 0.0,
    "max": 4294967295.0,
    "q10": 0.0,
    "q50": 4294967291.0,