{
  "track_id": {
    "null_count": 0,
    "n_unique": 5,
    "mean": 3.930744575583313,
    "std": 1.434095263124462,
    "min": 2.0,
    "max": 6.0,
    "q10": 2.0,
    "q50": 4.0,
    "q90": 6.0
  },
  "track_condition": {
    "null_count": 0,
    "n_unique": 4,
    "mean": 0.6006761698527198,
    "std": 1.1773895148216333,
    "min": 0.0,
    "max": 4.0,
    "q10": 0.0,
    "q50": 0.0,
    "q90": 3.0
  },
  "weather": {
    "null_count": 0,
    "n_unique": 7,
    "mean": 0.7304498716496249,
    "std": 1.214765444255707,
    "min": 0.0,
    "max": 7.0,
    "q10": 0.0,
    "q50": 0.0,
    "q90": 2.0
  },
  "temperature": {
    "null_count": 3965,
    "n_unique": 43,
    "mean": 18.645907207983736,
    "std": 9.12010677335302,
    "min": 0.0,
    "max": 41.0,
    "q10": 7.0,
    "q50": 19.0,
    "q90": 31.0
  },
  "humidity": {
    "null_count": 3801,
    "n_unique": 91,
    "mean": 60.0514315415287,
    "std": 19.243811253827268,
    "min": 0.0,
    "max": 99.0,
    "q10": 35.0,
    "q50": 60.0,
    "q90": 86.0
  },
  "track_temperature": {
    "null_count": 3857,
    "n_unique": 67,
    "mean": 26.974846128397807,
    "std": 14.265392562716816,
    "min": 0.0,
    "max": 65.0,
    "q10": 9.0,
    "q50": 25.0,
    "q90": 48.0
  },
  "grade": {
    "null_count": 0,
    "n_unique": 1,
    "mean": 0.0,
    "std": 0.0,
    "min": 0.0,
    "max": 0.0,
    "q10": 0.0,
    "q50": 0.0,
    "q90": 0.0
  },
  "distance": {
    "null_count": 0,
    "n_unique": 1,
    "mean": 3100.0,
    "std": 0.0,
    "min": 3100.0,
    "max": 3100.0,
    "q10": 3100.0,
    "q50": 3100.0,
    "q90": 3100.0
  },
  "post_position": {
    "null_count": 0,
    "n_unique": 8,
    "mean": 4.225319441855129,
    "std": 2.166232939676567,
    "min": 1.0,
    "max": 8.0,
    "q10": 1.0,
    "q50": 4.0,
    "q90": 7.0
  },
  "handicap_meters": {
    "null_count": 0,
    "n_unique": 10,
    "mean": 17.630609054796288,
    "std": 14.74933540997787,
    "min": 0.0,
    "max": 90.0,
    "q10": 0.0,
    "q50": 20.0,
    "q90": 40.0
  },
  "trial_time": {
    "null_count": 3316,
    "n_unique": 105,
    "mean": 3.4193458825578356,
    "std": 0.13191528519510862,
    "min": 3.2,
    "max": 4.39,
    "q10": 3.31,
    "q50": 3.38,
    "q90": 3.64
  },
  "trial_deviation": {
    "null_count": 0,
    "n_unique": 166,
    "mean": 0.08892539903342846,
    "std": 0.013881848601187161,
    "min": 0.0,
    "max": 0.257,
    "q10": 0.072,
    "q50": 0.089,
    "q90": 0.105
  },
  "generation": {
    "null_count": 0,
    "n_unique": 34,
    "mean": 26.387266782349315,
    "std": 5.961968832175031,
    "min": 2.0,
    "max": 39.0,
    "q10": 19.0,
    "q50": 27.0,
    "q90": 34.0
  },
  "trial_time_rank": {
    "null_count": 3316,
    "n_unique": 9,
    "mean": 3.352083393805695,
    "std": 1.7161967122935928,
    "min": 1.0,
    "max": 8.0,
    "q10": 1.0,
    "q50": 3.0,
    "q90": 6.0
  },
  "field_avg_trial": {
    "null_count": 2583,
    "n_unique": 1606,
    "mean": 3.4193990733670843,
    "std": 0.12667571371574812,
    "min": 3.25625,
    "max": 4.138571428571429,
    "q10": 3.3285714285714287,
    "q50": 3.3785714285714286,
    "q90": 3.642857142857143
  },
  "field_trial_std": {
    "null_count": 2583,
    "n_unique": 26796,
    "mean": 0.03675473575572723,
    "std": 0.015383113159158229,
    "min": 0.0,
    "max": 0.1727425830535136,
    "q10": 0.019880595947760295,
    "q50": 0.034226138716317044,
    "q90": 0.056045262320479856
  },
  "trial_time_diff_from_best": {
    "null_count": 3316,
    "n_unique": 100,
    "mean": 0.04696819395663409,
    "std": 0.041859486064172335,
    "min": 0.0,
    "max": 0.5099999999999998,
    "q10": 0.0,
    "q50": 0.040000000000000036,
    "q90": 0.10000000000000009
  },
  "avg_trial_time_30d": {
    "null_count": 1101,
    "n_unique": 11837,
    "mean": 3.4192383409366025,
    "std": 0.061025373058275885,
    "min": 3.23,
    "max": 4.03,
    "q10": 3.34625,
    "q50": 3.4141666666666666,
    "q90": 3.4985714285714287
  },
  "avg_trial_time_90d": {
    "null_count": 624,
    "n_unique": 48232,
    "mean": 3.4193111126840043,
    "std": 0.0500883413287114,
    "min": 3.24,
    "max": 4.0,
    "q10": 3.359090909090909,
    "q50": 3.4157575757575755,
    "q90": 3.4846153846153847
  },
  "trial_time_trend": {
    "null_count": 983,
    "n_unique": 5154,
    "mean": -4.369632403986989e-05,
    "std": 0.040677866006713415,
    "min": -0.5499999999999994,
    "max": 0.4800000000000004,
    "q10": -0.05100000000000003,
    "q50": 1.9860273225978188e-16,
    "q90": 0.05000000000000015
  },
  "trial_vs_avg_90d": {
    "null_count": 3866,
    "n_unique": 77222,
    "mean": 1.1992806569676692e-05,
    "std": 0.12766993889606681,
    "min": -0.5800000000000001,
    "max": 0.9244117647058818,
    "q10": -0.09225000000000039,
    "q50": -0.04030303030303095,
    "q90": 0.22285714285714153
  },
  "win_rate_10": {
    "null_count": 526,
    "n_unique": 34,
    "mean": 0.13541210613513577,
    "std": 0.14280024647618508,
    "min": 0.0,
    "max": 1.0,
    "q10": 0.0,
    "q50": 0.1,
    "q90": 0.3
  },
  "top2_rate_10": {
    "null_count": 526,
    "n_unique": 34,
    "mean": 0.27057849376768695,
    "std": 0.1883455830987113,
    "min": 0.0,
    "max": 1.0,
    "q10": 0.0,
    "q50": 0.3,
    "q90": 0.5
  },
  "top3_rate_10": {
    "null_count": 526,
    "n_unique": 34,
    "mean": 0.4058949833953605,
    "std": 0.21196991680378996,
    "min": 0.0,
    "max": 1.0,
    "q10": 0.1,
    "q50": 0.4,
    "q90": 0.7
  },
  "win_rate_30": {
    "null_count": 526,
    "n_unique": 235,
    "mean": 0.13560105981435297,
    "std": 0.11035682655939878,
    "min": 0.0,
    "max": 1.0,
    "q10": 0.03333333333333333,
    "q50": 0.1,
    "q90": 0.26666666666666666
  },
  "top3_rate_30": {
    "null_count": 526,
    "n_unique": 270,
    "mean": 0.40561074759001503,
    "std": 0.16530983931639165,
    "min": 0.0,
    "max": 1.0,
    "q10": 0.2,
    "q50": 0.4,
    "q90": 0.6
  },
  "avg_finish_10": {
    "null_count": 526,
    "n_unique": 225,
    "mean": 4.246052894525675,
    "std": 1.034864068384908,
    "min": 1.0,
    "max": 9.0,
    "q10": 3.0,
    "q50": 4.2,
    "q90": 5.6
  },
  "avg_finish_30": {
    "null_count": 526,
    "n_unique": 1487,
    "mean": 4.249197478901553,
    "std": 0.8415442153155445,
    "min": 1.0,
    "max": 9.0,
    "q10": 3.3,
    "q50": 4.2,
    "q90": 5.266666666666667
  },
  "momentum": {
    "null_count": 979,
    "n_unique": 794,
    "mean": -0.00026264188958235383,
    "std": 0.6610313250292829,
    "min": -7.999999999999998,
    "max": 6.999999999999998,
    "q10": -0.8000000000000004,
    "q50": 1.621584518530165e-16,
    "q90": 0.8000000000000006
  },
  "days_since_last_race": {
    "null_count": 526,
    "n_unique": 157,
    "mean": 2.7185145008225633,
    "std": 5.881898670071487,
    "min": 1.0,
    "max": 860.0,
    "q10": 1.0,
    "q50": 1.0,
    "q90": 7.0
  },
  "total_races": {
    "null_count": 0,
    "n_unique": 943,
    "mean": 349.97873972838477,
    "std": 217.99451923274276,
    "min": 0.0,
    "max": 943.0,
    "q10": 62.0,
    "q50": 337.0,
    "q90": 656.0
  },
  "handicap_rank": {
    "null_count": 0,
    "n_unique": 7,
    "mean": 2.495600952230715,
    "std": 1.227191280186315,
    "min": 1.0,
    "max": 7.0,
    "q10": 1.0,
    "q50": 2.0,
    "q90": 4.0
  },
  "field_size": {
    "null_count": 0,
    "n_unique": 4,
    "mean": 7.450638883710258,
    "std": 0.6705532369433397,
    "min": 5.0,
    "max": 8.0,
    "q10": 7.0,
    "q50": 8.0,
    "q90": 8.0
  },
  "handicap_vs_trial": {
    "null_count": 3316,
    "n_unique": 15,
    "mean": 2320399372.072904,
    "std": 2140514607.6816316,
    "min": 0.0,
    "max": 4294967295.0,
    "q10": 0.0,
    "q50": 4294967291.0,
    "q90": 4294967295.0
  },
  "rider_track_win_rate": {
    "null_count": 11055,
    "n_unique": 20549,
    "mean": 0.13811226009463654,
    "std": 0.09516974815085193,
    "min": 0.0,
    "max": 1.0,
    "q10": 0.036585365853658534,