{
  "track_id": {
    "null_count": 0,
    "n_unique": 5,
    "mean": 3.930263360431858,
    "std": 1.4340491917611509,
    "min": 2.0,
    "max": 6.0,
    "q10": 2.0,
    "q50": 4.0,
    "q90": 6.0
  },
  "race_number": {
    "null_count": 0,
    "n_unique": 12,
    "mean": 6.0307999613389605,
    "std": 3.303986016633876,
    "min": 1.0,
    "max": 12.0,
    "q10": 2.0,
    "q50": 6.0,
    "q90": 11.0
  },
  "track_condition": {
    "null_count": 0,
    "n_unique": 4,
    "mean": 0.6016910624984338,
    "std": 1.1783455183107003,
    "min": 0.0,
    "max": 4.0,
    "q10": 0.0,
    "q50": 0.0,
    "q90": 3.0
  },
  "weather": {
    "null_count": 0,
    "n_unique": 7,
    "mean": 0.7319035908230148,
    "std": 1.217006240962046,
    "min": 0.0,
    "max": 7.0,
    "q10": 0.0,
    "q50": 0.0,
    "q90": 2.0
  },
  "temperature": {
    "null_count": 4013,
    "n_unique": 43,
    "mean": 18.644978172282794,
    "std": 9.114829328279459,
    "min": 0.0,
    "max": 41.0,
    "q10": 7.0,
    "q50": 19.0,
    "q90": 31.0
  },
  "humidity": {
    "null_count": 3849,
    "n_unique": 91,
    "mean": 60.057593048326325,
    "std": 19.254314664121534,
    "min": 0.0,
    "max": 99.0,
    "q10": 35.0,
    "q50": 60.0,
    "q90": 86.0
  },
  "track_temperature": {
    "null_count": 3905,
    "n_unique": 67,
    "mean": 26.97053868997916,
    "std": 14.26017111560721,
    "min": 0.0,
    "max": 65.0,
    "q10": 9.0,
    "q50": 25.0,
    "q90": 48.0
  },
  "grade": {
    "null_count": 0,
    "n_unique": 1,
    "mean": 0.0,
    "std": 0.0,
    "min": 0.0,
    "max": 0.0,
    "q10": 0.0,
    "q50": 0.0,
    "q90": 0.0
  },
  "distance": {
    "null_count": 0,
    "n_unique": 1,
    "mean": 3100.0,
    "std": 0.0,
    "min": 3100.0,
    "max": 3100.0,
    "q10": 3100.0,
    "q50": 3100.0,
    "q90": 3100.0
  },
  "post_position": {
    "null_count": 0,
    "n_unique": 8,
    "mean": 4.22540817824171,
    "std": 2.166291126922063,
    "min": 1.0,
    "max": 8.0,
    "q10": 1.0,
    "q50": 4.0,
    "q90": 7.0
  },
  "handicap_meters": {
    "null_count": 0,
    "n_unique": 10,
    "mean": 17.64214196476834,
    "std": 14.75870593661031,
    "min": 0.0,
    "max": 90.0,
    "q10": 0.0,
    "q50": 20.0,
    "q90": 40.0
  },
  "trial_time": {
    "null_count": 3378,
    "n_unique": 105,
    "mean": 3.4193165998123,
    "std": 0.13185431555510527,
    "min": 3.2,
    "max": 4.39,
    "q10": 3.31,
    "q50": 3.38,
    "q90": 3.64
  },
  "trial_deviation": {
    "null_count": 0,
    "n_unique": 166,
    "mean": 0.08892412413057407,
    "std": 0.013881251703779797,
    "min": 0.0,
    "max": 0.257,
    "q10": 0.072,
    "q50": 0.089,
    "q90": 0.105
  },
  "generation": {
    "null_count": 0,
    "n_unique": 34,
    "mean": 26.388722431636186,
    "std": 5.962648679691337,
    "min": 2.0,
    "max": 39.0,
    "q10": 19.0,
    "q50": 27.0,
    "q90": 34.0
  },
  "is_home_track": {
    "null_count": 279351,
    "n_unique": 1,
    "mean": null,
    "std": null,
    "min": null,
    "max": null,
    "q10": null,
    "q50": null,
    "q90": null
  },
  "rider_age": {
    "null_count": 279351,
    "n_unique": 1,
    "mean": null,
    "std": null,
    "min": null,
    "max": null,
    "q10": null,
    "q50": null,
    "q90": null
  },
  "trial_time_rank": {
    "null_count": 3378,
    "n_unique": 9,
    "mean": 3.3524076630684885,
    "std": 1.7163979823629205,
    "min": 1.0,
    "max": 8.0,
    "q10": 1.0,
    "q50": 3.0,
    "q90": 6.0
  },
  "field_avg_trial": {
    "null_count": 2645,
    "n_unique": 1606,
    "mean": 3.4193697980287134,
    "std": 0.12660929409315919,
    "min": 3.25625,
    "max": 4.138571428571429,
    "q10": 3.3285714285714287,
    "q50": 3.3785714285714286,
    "q90": 3.6425
  },
  "field_trial_std": {
    "null_count": 2645,
    "n_unique": 26829,
    "mean": 0.03676539071994028,
    "std": 0.015385924052546556,
    "min": 0.0,
    "max": 0.1727425830535136,
    "q10": 0.019955307206712725,
    "q50": 0.034226138716317064,
    "q90": 0.056061191058138705
  },
  "trial_time_diff_from_best": {
    "null_count": 3378,
    "n_unique": 100,
    "mean": 0.04698202360375837,
    "std": 0.041869780618608535,
    "min": 0.0,
    "max": 0.5099999999999998,
    "q10": 0.0,
    "q50": 0.040000000000000036,
    "q90": 0.10000000000000009
  },
  "avg_trial_time_30d": {
    "null_count": 1104,
    "n_unique": 11837,
    "mean": 3.419200274409301,
    "std": 0.06102328787516119,
    "min": 3.23,
    "max": 4.03,
    "q10": 3.34625,
    "q50": 3.414166666666666,
    "q90": 3.498571428571428
  },
  "avg_trial_time_90d": {
    "null_count": 624,
    "n_unique": 48255,
    "mean": 3.4192740212115713,
    "std": 0.05009307054103583,
    "min": 3.24,
    "max": 4.0,
    "q10": 3.3590322580645164,
    "q50": 3.415714285714286,
    "q90": 3.484594594594594
  },
  "trial_time_trend": {
    "null_count": 983,
    "n_unique": 5155,
    "mean": -4.714981607068853e-05,
    "std": 0.0406602211389803,
    "min": -0.5499999999999994,
    "max": 0.4800000000000004,
    "q10": -0.05100000000000003,
    "q50": 1.621584518530165e-16,
    "q90": 0.050000000000000065
  },
  "trial_vs_avg_90d": {
    "null_count": 3928,
    "n_unique": 77285,
    "mean": 1.5869442974673195e-05,
    "std": 0.1276046999404807,
    "min": -0.5800000000000001,
    "max": 0.9244117647058818,
    "q10": -0.09222222222222198,
    "q50": -0.04027777777777786,
    "q90": 0.22258064516128995
  },
  "computed_trial_deviation": {
    "null_count": 3048,
    "n_unique": 10826,
    "mean": 0.09118664551551382,
    "std": 0.017202981710683053,
    "min": 0.0028000000000000026,
    "max": 0.2145,
    "q10": 0.07120000000000007,
    "q50": 0.0906000000000001,
    "q90": 0.11040000000000001
  },
  "trial_deviation_trend": {
    "null_count": 1144,
    "n_unique": 33767,
    "mean": -3.3139712516216535e-05,
    "std": 0.013508527087055482,
    "min": -0.21300000000000002,
    "max": 0.16230000000000008,
    "q10": -0.009900000000000065,
    "q50": 4.560706458366089e-17,
    "q90": 0.009999999999999962
  },
  "predicted_race_time": {
    "null_count": 6233,
    "n_unique": 15493,
    "mean": 3.5107375070714824,
    "std": 0.13217183363128723,
    "min": 3.3057000000000003,
    "max": 4.4685999999999995,
    "q10": 3.4056,
    "q50": 3.4696,
    "q90": 3.7293000000000003
  },
  "predicted_race_time_rank": {
    "null_count": 6233,
    "n_unique": 9,
    "mean": 4.196739138394394,
    "std": 2.1543164011120397,
    "min": 1.0,
    "max": 8.0,
    "q10": 1.0,
    "q50": 4.0,
    "q90": 7.0
  },
  "trial_time_zscore": {
    "null_count": 733,
    "n_unique": 197234,
    "mean": -1.3057228201665769e-17,
    "std": 0.9252276009079865,
    "min": -2.3909551787238956,
    "max": 2.4517705565139374,
    "q10": -1.1542128084574306,
    "q50": -0.08050764858994436,
    "q90": 1.3480755514093714
  },
  "win_rate_10": {
    "null_count": 526,
    "n_unique": 34,
    "mean": 0.13540952039382953,
    "std": 0.14281366062242518,
    "min": 0.0,
    "max": 1.0,
    "q10": 0.0,
    "q50": 0.1,
    "q90": 0.3
  },
  "top2_rate_10": {
    "null_count": 526,
    "n_unique": 34,
    "mean": 0.27057190534541925,
    "std": 0.1883508657487158,
    "min": 0.0,
    "max": 1.0,
    "q10": 0.0,
    "q50": 0.3,
    "q90": 0.5
  },
  "top3_rate_10": {
    "null_count": 526,
    "n_unique": 34,
    "mean": 0.40589205267569833,
    "std": 0.2119900432492424,
    "min": 0.0,
    "max": 1.0,
    "q10": 0.1,
    "q50": 0.4,
    "q90": 0.7
  },
  "win_rate_30": {
    "null_count": 526,
    "n_unique": 235,
    "mean": 0.13558886518309576,
    "std": 0.11035837823002843,
    "min": 0.0,
    "max": 1.0,
    "q10": 0.03333333333333333,
    "q50": 0.1,
    "q90": 0.26666666666666666
  },
  "top3_rate_30": {
    "null_count": 526,
    "n_unique": 270,
    "mean": 0.40558704917685756,
    "std": 0.16532983011734767,
    "min": 0.0,
    "max": 1.0,
    "q10": 0.2,
    "q50": 0.4,
    "q90": 0.6
  },
  "avg_finish_10": {
    "null_count": 526,
    "n_unique": 225,